Username,Last Name,First Name
abdi.18,ABDI,ABDULLA#
acker.24,ACKER,AMANDA#
acoff.1,ACOFF,TRANICIA#
adams.838,ADAMS,WILLIAM#
adamski.11,ADAMSKI,KAITLIN#
agin.3,AGIN,CHARLES#
agle.7,AGLE,ALLISON#
albers.74,ALBERS,JAY#
albright.77,ALBRIGHT,CHRISTINE#
alex.13,ALEX,DOMINIQUE#
allen.924,ALLEN,THOMAS#
alshahal.3,ALSHAHAL,NOHAL#
althoff.18,ALTHOFF,ALICIA#
altieri.6,ALTIERI,MATTHEW#
amdur.3,AMDUR,ALLISON#
anderson.1326,ANDERSON,CORY#
archibald.18,ARCHIBALD,SARAH#
ayers.109,AYERS,LORI#
backes.9,BACKES,ALLISON#
bailey.540,BAILEY,AUBREY#
baker.1069,BAKER,JENNA#
baker.1200,BAKER,JO#
baker.1062,BAKER,JON#
baker.1045,BAKER,JULIE#
baker.1122,BAKER,MICHAEL#
baker.1217,BAKER,PATRICK#
balata.1,BALATA,LAUREN#
barber.150,BARBER,SARAH#
barker.238,BARKER,LAUREN#
barlow.69,BARLOW,JEFF#
barnwell.3,BARNWELL,SHARDAY#
barricklow.7,BARRICKLOW,MARK#
barto.13,BARTO,JUSTIN#
batenchuk.2,BATENCHUK,BRET#
beal.88,BEAL,MEAGHAN#
beasley.45,BEASLEY,MICHELLE#
beaver.71,BEAVER,KIMBERLY#
beiler.5,BEILER,ETHAN#
bell.541,BELL,DANIELLE#
bellish.4,BELLISH,MARISA#
belmont.13,BELMONT,ALLYSON#
benadum.9,BENADUM,ALISON#
bender.142,BENDER,KYLE#
bennett.483,BENNETT,STEPHENIE#
bentine.2,BENTINE,COREY#
beran.11,BERAN,KEGAN#
bernard.90,BERNARD,LINDSAY#
beshire.1,BESHIRE,CODY#
bianco.16,BIANCO,ADAM#
bianconi.3,BIANCONI,MARIO#
biggs.47,BIGGS,SARAH#
billiot.3,BILLIOT,ALICIA#
billow.2,BILLOW,DEBORAH#
bilsky.3,BILSKY,RYAN#
birkholz.2,BIRKHOLZ,ERIK#
blake.155,BLAKE,ASHLEY#
blanton.53,BLANTON,PHILLIP#
blattman.1,BLATTMAN,ELISSA#
blondman.1,BLONDMAN,EVAN#
bockhoff.2,BOCKHOFF,KELLY#
boeke.7,BOEKE,KIRBY#
bonhomme.3,BONHOMME,TESSA#
borders.30,BORDERS,EUGENE#
borrell.5,BORRELL,ERIC#
bossley.6,BOSSLEY,BENJAMIN#
bowman.981,BOWMAN,DEVIN#
brady.1292,BRADY,JENNIFER#
brandewiede.1,BRANDEWIEDE,JULIE#
brashear.11,BRASHEAR,REBECCA#
bray.270,BRAY,AUBREY#
bray.269,BRAY,HILARY#
bray.268,BRAY,KYLE#
breckenridge.17,BRECKENRIDGE,NICKLAUS#
brieck.2,BRIECK,DANIEL#
briem.4,BRIEM,JOSHUA#
brill.36,BRILL,ERIC#
brinkman.111,BRINKMAN,MATTHEW#
britton.79,BRITTON,RACHEL#
brookbank.15,BROOKBANK,ALEXANDER#
brunner.61,BRUNNER,ASHLEY#
bruno.48,BRUNO,ARIANA#
bube.2,BUBE,NASRA#
buck.97,BUCK,RYAN#
bui.26,BUI,LINDA#
bullock.64,BULLOCK,KYLE#
burgess.121,BURGESS,JERAD#
burns.396,BURNS,BENJAMIN#
burroughs.37,BURROUGHS,SCOTT#
bush.202,BUSH,JASON#
busher.4,BUSHER,TIMOTHY#
cachat.7,CACHAT,HEATHER#
campana.19,CAMPANA,MICHELLE#
campbell.819,CAMPBELL,ASHLEY#
campisano.2,CAMPISANO,CHARLES#
cantrell.56,CANTRELL,JESSICA#
carlson.208,CARLSON,PAUL#
carr.246,CARR,COLLEEN#
carr.330,CARR,NICHOLAS#
carroll.290,CARROLL,CARLY#
carter.601,CARTER,JAMES#
carter.661,CARTER,JOSHUA#
cash.45,CASH,JESSICA#
cavanaugh.399,CAVANAUGH,MELISSA#
cavileer.3,CAVILEER,GINA#
cechner.1,CECHNER,JENNIFER#
ceddia.2,CEDDIA,KEITH#
chabot.23,CHABOT,ANDREW#
chaloupka.1,CHALOUPKA,ADAM#
chaney.83,CHANEY,ASHLEY#
chang.623,CHANG,GENA#
chenault.20,CHENAULT,CASSIE#
chernek.1,CHERNEK,TRACY#
chini.1,CHINI,EMMA#
chockran.1,CHOCKRAN,SEAN#
christensen.91,CHRISTENSEN,JEFFREY#
christopherson.8,CHRISTOPHERSON,JUSTIN#
christy.52,CHRISTY,STEPHEN#
cipkala.4,CIPKALA,HALEY#
clapham.4,CLAPHAM,CHRISTOPHER#
clarke.111,CLARKE,MATTHEW#
clay.126,CLAY,CLARENCE#
clements.69,CLEMENTS,CHRISTOPHER#
coey.16,COEY,SCOTT#
coffman.98,COFFMAN,DEREK#
cole.375,COLE,JACOB#
coles.39,COLES,JEREMY#
colleli.3,COLLELI,SEAN#
collins.696,COLLINS,ANN#
collins.708,COLLINS,JESSICA#
comedy.2,COMEDY,VICTORIA#
conley.226,CONLEY,KERRA#
connelly.59,CONNELLY,JEFFERSON#
conner.106,CONNER,VITTORIA#
cook.663,COOK,CORY#
cook.682,COOK,RYAN#
cooper.1654,COOPER,COLE#
corna.14,CORNA,JOSEPH#
cortelezzi.2,CORTELEZZI,BRETT#
costic.1,COSTIC,CHRISTOPHER#
coursen.5,COURSEN,KELLY#
cox.507,COX,DANA#
cox.547,COX,MOLLY#
crabtree.111,CRABTREE,STEPHANIE#
crann.2,CRANN,JAY#
cremeans.30,CREMEANS,SHANAED#
criss.15,CRISS,JOHN#
crocker.20,CROCKER,ELIZABETH#
crook.30,CROOK,AMANDA#
crosier.6,CROSIER,BRYAN#
crowley.51,CROWLEY,KEVIN#
cruz.83,CRUZ,JILL#
cully.5,CULLY,BRIAN#
cummings.156,CUMMINGS,BRIANNA#
curtis.186,CURTIS,NICHOLAS#
custer.47,CUSTER,ELIZABETH#
dalgarno.1,DALGARNO,JOEL#
damm.8,DAMM,DANIELA#
damodara.3,DAMODARA,NISHANKER#
davis.2047,DAVIS,AARON#
davis.2357,DAVIS,MEGAN#
davis.2152,DAVIS,MICHAEL#
dawson.75,DAWSON,WILLIAM#
day.246,DAY,ALISON#
demski.6,DEMSKI,MEGAN#
depp.7,DEPP,KRISTEN#
devereux.7,DEVEREUX,AMY#
dewit.1,DEWIT,ADAM#
deyoung.9,DEYOUNG,JOSEPH#
diamond.51,DIAMOND,LAURA#
diperna.3,DIPERNA,REGINA#
dipiero.9,DIPIERO,JOSEPH#
di-yanni.2,DIYANNI,STEPHANY#
do.49,DO,WOO-SEUNG#
dobson.37,DOBSON,DANIEL#
dolasinski.1,DOLASINSKI,AMANDA#
dolfi.5,DOLFI,FELICIA#
donaldson.77,DONALDSON,MALLORY#
donnelly.71,DONNELLY,KYLE#
dotson.89,DOTSON,KELSEY#
dougherty.91,DOUGHERTY,PATRICK#
doughty.29,DOUGHTY,WILLIAM#
dow.15,DOW,LESLIE#
downey.82,DOWNEY,JERI#
doyle.162,DOYLE,KEVIN#
duling.18,DULING,LORI#
duncan.938,DUNCAN,AARON#
dunham.63,DUNHAM,JOEL#
dunn.288,DUNN,EMILY#
eaton.80,EATON,PORCHIA#
eberts.16,EBERTS,BRENNA#
eichel.12,EICHEL,KAILA#
elder.75,ELDER,SARAH#
emnett.5,EMNETT,HOLLY#
english.81,ENGLISH,CHELSEA#
ernsthausen.6,ERNSTHAUSEN,ASHLEY#
esser.8,ESSER,MARK#
estis.5,ESTIS,AMBER#
fadley.12,FADLEY,MARGORY#
faller.17,FALLER,GREGORY#
farragher.4,FARRAGHER,KATHRYN#
farrell.123,FARRELL,MEGAN#
fatica.17,FATICA,DOMINIC#
federle.2,FEDERLE,STEPHANIE#
fenyvesi.1,FENYVESI,DORA#
filkins.5,FILKINS,MEGAN#
fine.32,FINE,TRISTAN#
fischer.432,FISCHER,JUSTIN#
fisher.631,FISHER,JENNIFER#
fisher.697,FISHER,KELLI#
fitch.83,FITCH,RYAN#
flores.88,FLORES,CARLOS#
flury.6,FLURY,LAUREN#
foecking.2,FOECKING,TED#
fogarty.17,FOGARTY,PHILLIP#
foisel.2,FOISEL,ALEX#
forde.7,FORDE,ANTHONY#
foster.451,FOSTER,ANDREW#
foster.387,FOSTER,BRANDON#
fox.466,FOX,KYLE#
fox.474,FOX,LEVI#
foy.20,FOY,TASHA#
franco.20,FRANCO,MICHAEL#
frazee.38,FRAZEE,JOSHUA#
friedman.167,FRIEDMAN,JESSICA#
fullenkamp.39,FULLENKAMP,RACHAEL#
fuller.222,FULLER,ELIZABETH#
furman.17,FURMAN,SHAUNTAE#
gabel.122,GABEL,HEATHER#
gamble.82,GAMBLE,ASHLEY#
gamble.76,GAMBLE,TROY#
garced.1,GARCED,WILLIAM#
garea.1,GAREA,LAUREN#
garrett.190,GARRETT,ROSS#
gebauer.6,GEBAUER,MELISSA#
gerson.15,GERSON,ADAM#
gibson.452,GIBSON,MATTHEW#
gierlach.1,GIERLACH,MEGAN#
gillaspy.1,GILLASPY,CHELSEA#
gilliam.93,GILLIAM,CHERYL#
gillis.21,GILLIS,JAMES#
gishyan.1,GISHYAN,ASHOT#
giusti.7,GIUSTI,GIOVANNI#
gladman.13,GLADMAN,ERIKA#
gleitz.1,GLEITZ,NATHAN#
gougler.2,GOUGLER,CARL#
gourley.11,GOURLEY,LUKE#
graham.435,GRAHAM,ERIC#
grashel.10,GRASHEL,RYAN#
grasso.9,GRASSO,JULIAN#
green.789,GREEN,ANDREA#
green.719,GREEN,KRISTIN#
green.851,GREEN,PATRICE#
greer.88,GREER,KENNETH#
grieshop.26,GRIESHOP,HEATHER#
griffin.278,GRIFFIN,KENNETH#
grote.34,GROTE,NIKOLE#
groth.35,GROTH,ASHLEY#
grubich.4,GRUBICH,ERIC#
grund.7,GRUND,MEAGAN#
guskey.1,GUSKEY,TAYLOR#
hallahan.7,HALLAHAN,JEREMY#
hallock.11,HALLOCK,WHITNEY#
hamilton.535,HAMILTON,HAL#
hamilton.506,HAMILTON,MEGAN#
hamm.62,HAMM,JORDAN#
handy.14,HANDY,BRANDON#
hannaford.4,HANNAFORD,LAUREN#
hannah.53,HANNAH,ELIZABETH#
haponek.2,HAPONEK,CHAD#
harmon.201,HARMON,CARA#
harrington.137,HARRINGTON,ASHLEY#
harris.1130,HARRIS,LASHANTE#
harris.1075,HARRIS,MONTY#
harrison.275,HARRISON,RENATA#
harshaw.6,HARSHAW,DANIELLE#
hatanaka.3,HATANAKA,JOANNA#
hazelett.6,HAZELETT,HOLLY#
heberling.9,HEBERLING,ALEXANDRA#
heffernan.17,HEFFERNAN,JULIE#
heiden.10,HEIDEN,LINDSEY#
heinrichs.9,HEINRICHS,CURTIS#
held.43,HELD,BRIDGET#
hendrickson.1066,HENDRICKSON,BENJAMIN#
herbig.3,HERBIG,CHRISTOPHER#
hershberger.50,HERSHBERGER,AMANDA#
hershberger.49,HERSHBERGER,JOSHUA#
hess.217,HESS,BRADLEY#
hess.227,HESS,ZACHARY#
hicks.263,HICKS,LANA#
hill.799,HILL,ANTHONY#
hill.818,HILL,MATTHEW#
hill.797,HILL,REBECCA#
hillard.17,HILLARD,AMY#
hilton.37,HILTON,BRITTANY#
hines.188,HINES,RYAN#
hohman.31,HOHMAN,LISA#
holmes.476,HOLMES,KRISTIAN#
holovatyk.1,HOLOVATYK,ALEXIA#
holtsberry.4,HOLTSBERRY,DANIEL#
homsey.1,HOMSEY,DANA#
horn.166,HORN,BRIAN#
horn.165,HORN,RICHARD#
horn.144,HORN,ZACHARY#
hornish.8,HORNISH,SETH#
hovanec.9,HOVANEC,DANIEL#
howard.581,HOWARD,ALEXANDRA#
howard.535,HOWARD,CALEB#
howell.205,HOWELL,CHRISTOPHER#
hubbard.172,HUBBARD,KRISTIN#
humphrey.122,HUMPHREY,MARK#
hunter.349,HUNTER,MICHAEL#
huss.22,HUSS,KYLE#
ide.7,IDE,JACOB#
iftikhar.2,IFTIKHAR,ALI#
imhof.7,IMHOF,DAVID#
jack.20,JACK,LAURA#
jackson.1402,JACKSON,KELLY#
james.468,JAMES,KATHRYN#
janicz.1,JANICZ,EMILY#
jarvis.101,JARVIS,JOSEPH#
jawed.1,JAWED,KASHIF#
jenkins.398,JENKINS,ARTHUR#
jeppe.4,JEPPE,COURTNEY#
jiannuzzi.2,JIANNUZZI,MARIA#
johnson.2971,JOHNSON,SHANE#
johnson.2914,JOHNSON,ZACHARY#
jones.2481,JONES,ASHLEY#
jones.2038,JONES,MICHAEL#
jones.2436,JONES,SARAH#
jones.2298,JONES,TAYLOR#
jordan.413,JORDAN,RACHEL#
kamagate.1,KAMAGATE,HABIBA#
karlewicz.1,KARLEWICZ,JUSTIN#
kasperzak.1,KASPERZAK,BRENNAN#
kataoka.6,KATAOKA,SHINYA#
katz.138,KATZ,STEVEN#
kawalek.2,KAWALEK,JILLIAN#
kecskemety.2,KECSKEMETY,KARA#
kehn.5,KEHN,JESSICA#
keller.408,KELLER,DANAE#
kelley.364,KELLEY,KRISTIN#
kelley.340,KELLEY,SARAH#
kent.116,KENT,DUSTIN#
kern.215,KERN,ERIKA#
kern.211,KERN,JUSTIN#
kerns.71,KERNS,DAVID#
kerr.147,KERR,BRYAN#
kilpatrick.18,KILPATRICK,RYAN#
kim.2051,KIM,CHRISTOPHER#
kin.21,KIN,LAURA#
king.1083,KING,LOGAN#
kingston.8,KINGSTON,WILLIAM#
kioussis.1,KIOUSSIS,GEORGE#
kish.66,KISH,STEVEN#
klassen.5,KLASSEN,HAYLEY#
klus.1,KLUS,ALLISON#
koester.18,KOESTER,RUSSELL#
kogge.4,KOGGE,RYAN#
kohlman.3,KOHLMAN,DANIEL#
konstantinova.1,KONSTANTINOVA,IVELINA#
kossek.1,KOSSEK,NATHALIE#
kothmayer.1,KOTHMAYER,JACOB#
kovach.76,KOVACH,JAMES#
kowalski.73,KOWALSKI,SAMUEL#
kramer.250,KRAMER,JENNIFER#
kren.4,KREN,DAVID#
krieger.43,KRIEGER,MEGAN#
lamerson.2,LAMERSON,CAROL#
lammon.7,LAMMON,DREW#
landis.82,LANDIS,AMY#
lane.268,LANE,DOUGLAS#
lapiana.1,LAPIANA,NICK#
latare.1,LATARE,DOMINIQUE#
law.78,LAW,FRANCIS#
layton.39,LAYTON,JORDON#
lea.17,LEA,GEORGE#
leader.12,LEADER,BRETT#
ledford.24,LEDFORD,SARAH#
lepi.8,LEPI,BRODIE#
levine.1532,LEVINE,RACHEL#
lindeman.26,LINDEMAN,ABBEY#
linden.29,LINDEN,JOSHUA#
lines.8,LINES,JESSICA#
lipkin.6,LIPKIN,SAMANTHA#
liszak.3,LISZAK,MICHAEL#
litz.4,LITZ,ROBIN#
liu.694,LIU,YI-CHUN#
liuzzo.1,LIUZZO,NELSON#
lo.93,LO,ERIC#
loesch.17,LOESCH,DAVID#
logue.24,LOGUE,WILLIAM#
lolli.3,LOLLI,DANIEL#
lonergan.5,LONERGAN,ROBERT#
lovett.27,LOVETT,AALIYAH#
low.48,LOW,BRIANNE#
luca.11,LUCA,ABBY#
lulenski.1,LULENSKI,SARAH#
lusk.20,LUSK,NICHOLAS#
lybold.2,LYBOLD,LINDSEY#
lytz.2,LYTZ,JAMES#
mackenzie.34,MACKENZIE,IAN#
mackenzie.38,MACKENZIE,RONALD#
magana.3,MAGANA,ANDREA#
mahoney.105,MAHONEY,TIMOTHY#
malinowski.15,MALINOWSKI,KEVIN#
mancillas.1,MANCILLAS,ADRIANA#
mangette.7,MANGETTE,TONY#
maniar.5,MANIAR,HARSHIL#
manning.275,MANNING,BRENNA#
mantia.4,MANTIA,KAITLIN#
marginian.1,MARGINIAN,KEVIN#
marikis.1,MARIKIS,KATHERINE#
markham.28,MARKHAM,KYLE#
marlow.36,MARLOW,ELIZABETH#
marras.2,MARRAS,JEFFREY#
martin.1601,MARTIN,JEFFREY#
martin.1512,MARTIN,JOHN#
martin.1336,MARTIN,KIMBERLY#
martin.1417,MARTIN,RYAN#
martindale.14,MARTINDALE,CHARTINA#
marulli.2,MARULLI,JOSEPH#
mastroianni.4,MASTROIANNI,VITTORIA#
mathus.2,MATHUS,ASHLEY#
matthews.209,MATTHEWS,SCOTT#
mayer.493,MAYER,AARON#
mccarthy.202,MCCARTHY,BRIAN#
mccarthy.196,MCCARTHY,CAROLYN#
mcclain.133,MCCLAIN,CHRISTIN#
mcclintock.29,MCCLINTOCK,ERIN#
mcclurg.32,MCCLURG,LINDSAY#
mccoy.265,MCCOY,JENNA#
mcdonald.355,MCDONALD,JENNA#
mcgill.141,MCGILL,ASHLEY#
mcloyd.1,MCLOYD,JEREMY#
mcmahan.21,MCMAHAN,JENNIFER#
mcnamara.178,MCNAMARA,KERRY#
mcwhorter.30,MCWHORTER,ALEX#
meenan.2,MEENAN,PATRICK#
meinhardt.7,MEINHARDT,LESLIE#
melsheimer.6,MELSHEIMER,WHITNEY#
mentzer.19,MENTZER,ASHLI#
messmer.18,MESSMER,AMANDA#
meyer.637,MEYER,KELLEY#
mickley.31,MICKLEY,MATTHEW#
millar.5,MILLAR,MICHELLE#
miller.3821,MILLER,CLAIRE#
miller.4080,MILLER,CRISTINA#
miller.3843,MILLER,KEVIN#
miller.3766,MILLER,MELISSA#
minsky.2,MINSKY,KAYLA#
miral.1,MIRAL,ROQI#
miranda.35,MIRANDA,MICHAEL#
mitchell.683,MITCHELL,SHIMAR#
mitchell.728,MITCHELL,TODD#
monnot.6,MONNOT,JEFFREY#
moody.117,MOODY,SAMUEL#
moore.1725,MOORE,SARAH#
moraes.3,MORAES,CARMEN#
morenocruz.1,MORENOCRUZ,MARIA#
mosch.1,MOSCH,MARK#
mott.41,MOTT,ADAM#
mrowzinski.1,MROWZINSKI,DAVID#
mueller.182,MUELLER,AMANDA#
mujahid.2,MUJAHID,CHAYA#
murphy.720,MURPHY,KATIE#
murphy.663,MURPHY,SHANNON#
murray.408,MURRAY,SETH#
nau.14,NAU,MATTHEW#
nedelkos.3,NEDELKOS,ALYSSA#
neff.149,NEFF,JESSE#
nelson.621,NELSON,MARTHAVIRGI#
niday.6,NIDAY,JENNIFER#
nieman.16,NIEMAN,ALISON#
novotny.45,NOVOTNY,TIMOTHY#
nunn.15,NUNN,TIMOTHY#
oakley.45,OAKLEY,CHASE#
oaks.14,OAKS,STEPHANIE#
obrien.337,OBRIEN,STEPHANIE#
okafor.224,OKAFOR,KODILI#
oley.5,OLEY,RICHARD#
olsen.71,OLSEN,KURT#
olson.160,OLSON,CHRIS#
owens.823,OWENS,STEVEN#
padurean.1,PADUREAN,LISA#
palumbo.30,PALUMBO,SARAH#
parker.525,PARKER,ASHLEY#
parker.484,PARKER,NATHAN#
parsons.207,PARSONS,KELLY#
patel.745,PATEL,MONAL#
paul.677,PAUL,KALEIGH#
paullin.11,PAULLIN,ERIN#
pauquette.3,PAUQUETTE,MELISSA#
pellegrino.10,PELLEGRINO,PAUL#
perantoni.1,PERANTONI,QIPING#
peters.366,PETERS,DANIEL#
peterson.409,PETERSON,LAUREN#
pez.1,PEZ,JILLIAN#
phelps.80,PHELPS,DANIEL#
piening.6,PIENING,JENNA#
pinittanond.1,PINITTANOND,BENJAPORN#
pinney.11,PINNEY,WESLEY#
pitts.83,PITTS,STEPHEN#
pittsley.2,PITTSLEY,SHANNON#
plissner.1,PLISSNER,PAIGE#
plonski.2,PLONSKI,BRADLEY#
poeppelmeyer.1,POEPPELMEYER,RICHELLE#
ponafala.1,PONAFALA,MELISSA#
pontius.18,PONTIUS,NICK#
poole.107,POOLE,BRANDON#
potnick.5,POTNICK,MOLLY#
powell.315,POWELL,PATRICIA#
power.732,POWER,DANIEL#
powers.216,POWERS,VANESSA#
price.525,PRICE,AMANDA#
puckett.57,PUCKETT,ELIZABETH#
quinn.182,QUINN,CATHERINE#
radomile.3,RADOMILE,MELISSA#
rainieri.2,RAINIERI,MARK#
ratica.1,RATICA,MICHAEL#
rawls.16,RAWLS,BRANDON#
reasor.5,REASOR,JESSICA#
reed.699,REED,STEPHANIE#
reisz.3,REISZ,KYLE#
rettman.3,RETTMAN,ERIK#
rezabek.5,REZABEK,SAVANNAH#
rice.414,RICE,MELISSA#
richards.875,RICHARDS,JUSTIN#
richardson.357,RICHARDSON,DEREK#
richmond.82,RICHMOND,MATTHEW#
riffee.3,RIFFEE,MEGAN#
robinson.949,ROBINSON,ANDREA#
robinson.957,ROBINSON,ROBERT#
rodock.5,RODOCK,JENNIFER#
rogers.524,ROGERS,JESSICA#
roof.30,ROOF,THOMAS#
roscoe.22,ROSCOE,DANIEL#
rosen.95,ROSEN,BRIAN#
ross.613,ROSS,NEBRASKA#
ross.643,ROSS,TIARA#
rothgeb.13,ROTHGEB,LAINE#
rowan.34,ROWAN,KIMBERLY#
russo.90,RUSSO,APRIL#
russo.87,RUSSO,JESSICA#
ruwe.11,RUWE,LINDSEY#
ryan.936,RYAN,ZACHARY#
sabaturski.2,SABATURSKI,MONIQUE#
sager.27,SAGER,CHRISTIE#
sam-agwor.1,SAM-AGWOR,BINUNDU#
samenuk.6,SAMENUK,PETE#
sanner.11,SANNER,HEATHER#
satira.1,SATIRA,MELISSA#
schade.15,SCHADE,LAURIE#
schade.16,SCHADE,STEPHEN#
schafer.110,SCHAFER,AUSTIN#
scheely.2,SCHEELY,ROBYN#
schiefer.17,SCHIEFER,JESSICA#
schwartz.1548,SCHWARTZ,CHRISTA#
scott.909,SCOTT,MEGAN#
scruby.1,SCRUBY,BENJAMIN#
searls.8,SEARLS,JESSE#
searls.10,SEARLS,JOEL#
secrist.12,SECRIST,MELISSA#
see.55,SEE,JEFFERY#
seitz.74,SEITZ,BRANDON#
sells.35,SELLS,STACIE#
seo.80,SEO,JAMES#
shah.402,SHAH,ANUJ#
shah.420,SHAH,ISHAAN#
sharon.9,SHARON,LINDSAY#
shepelak.1,SHEPELAK,MATT#
shepherd.195,SHEPHERD,NICOLE#
sherman.1217,SHERMAN,BRITTANY#
sherrell.4,SHERRELL,JOMIKA#
showe.5,SHOWE,HUGH#
siantar.1,SIANTAR,AGUNG#
simcox.15,SIMCOX,MEGAN#
simones.3,SIMONES,KATY#
sinay.3,SINAY,EMILY#
skaff.2,SKAFF,GEORGE#
skarda.3,SKARDA,KRYSTA#
skelton.24,SKELTON,AMY#
skilliter.9,SKILLITER,DANIEL#
skunza.8,SKUNZA,NICOLE#
slack.54,SLACK,LEAH#
smeeks.1,SMEEKS,KARA#
smith.5241,SMITH,ALEXANDER#
smith.5187,SMITH,ANTOINE#
smith.5692,SMITH,BEAU#
smith.4964,SMITH,COLIN#
smith.5446,SMITH,RONALD#
smith.5383,SMITH,SEAN#
smith.5247,SMITH,SHANNON#
smith.4541,SMITH,TREVOR#
smith.4782,SMITH,VIDEL#
smolinski.3,SMOLINSKI,CHRISTOPHER#
snell.40,SNELL,ADAM#
snyder.774,SNYDER,BETHANY#
soni.21,SONI,KRUPALI#
spack.2,SPACK,THOMAS#
spaeth.22,SPAETH,HEATHER#
speas.5,SPEAS,LANNETTE#
stanley.197,STANLEY,MICHAEL#
staten.40,STATEN,JODY#
steiger.20,STEIGER,DOUGLAS#
steitz.7,STEITZ,MEGAN#
stevenson.164,STEVENSON,BRITTNI#
stewart.695,STEWART,KARA#
stewart.718,STEWART,LAURAJANE#
stingel.5,STINGEL,CAROL#
studnek.2,STUDNEK,MATTHEW#
sudlow.4,SUDLOW,SARA#
sullivan.421,SULLIVAN,ALISSA#
swain.61,SWAIN,NICHOLAS#
sweeney.189,SWEENEY,JOHN#
tan.163,TAN,MARLIN#
tannehill.13,TANNEHILL,MEGAN#
teasley.7,TEASLEY,ANTOINETTE#
telewoda.1,TELEWODA,THEIZU#
tester.10,TESTER,MATTHEW#
thacker.65,THACKER,CHARLES#
thomas.1686,THOMAS,AMANDA#
thomas.1603,THOMAS,ANDREA#
thomas.1497,THOMAS,ASHLEY#
thomas.1099,THOMAS,CRAIG#
thomas.1665,THOMAS,WHITNEY#
thompson.1466,THOMPSON,ALEX#
thompson.1457,THOMPSON,CARRIE#
thompson.1486,THOMPSON,DEBORAH#
tibbetts.9,TIBBETTS,JOSHUA#
timmons.60,TIMMONS,ZACHARY#
todd.341,TODD,AUSTIN#
toland.10,TOLAND,MICHAEL#
toothman.15,TOOTHMAN,SARAH#
tope.17,TOPE,AMIE#
torrez.4,TORREZ,MARK#
tran.129,TRAN,BRYAN#
truchon.3,TRUCHON,JACQUELINE#
trudeau.15,TRUDEAU,ALEXANDRA#
uland.6,ULAND,KEVIN#
ullery.12,ULLERY,DONALD#
underwood-tripp.1,UNDERWOOD-TRIPP,ELLEN#
vail.26,VAIL,BENJAMIN#
vance.170,VANCE,MARCUS#
van-fossen.16,VANFOSSEN,KELLI#
vincent.75,VINCENT,RYAN#
vissing.1,VISSING,BRUCE#
vowels.1,VOWELS,KRISTA#
wade.233,WADE,STEPHANIE#
walk.59,WALK,ALEXANDRA#
walker.860,WALKER,KEONA#
walker.907,WALKER,STEVEN#
wallace.414,WALLACE,AMANDA#
walter.170,WALTER,MICHAEL#
walther.234,WALTHER,GREGORY#
warner.344,WARNER,KELSEY#
washington.189,WASHINGTON,TANESHA#
wasserstrom.7,WASSERSTROM,CARA#
weber.458,WEBER,ANTHONY#
wenning.35,WENNING,LEAH#
wenzel.30,WENZEL,REBECCA#
wernick.6,WERNICK,CHAVA#
west.417,WEST,ELIZABETH#
westerhaus.2,WESTERHAUS,KATE#
weston.48,WESTON,SHARON#
westrick.27,WESTRICK,KYLE#
white.1178,WHITE,SALLY#
white.1255,WHITE,SAMANTHA#
widrig.7,WIDRIG,HENRY#
wijaya.47,WIJAYA,MICHAEL#
williams.2741,WILLIAMS,BRIAN#
williams.2824,WILLIAMS,HEATHER#
williams.1939,WILLIAMS,ROSS#
williams.2851,WILLIAMS,WHITNEY#
wilson.1652,WILSON,DEREK#
wilson.1616,WILSON,DOUGLAS#
wilson.1661,WILSON,RACHEL#
wine.24,WINE,SCOTT#
winebar.2,WINEBAR,MATTHEW#
winkelmann.3,WINKELMANN,PHILLIP#
wise.933,WISE,ANDREW#
wisener.3,WISENER,LINDSAY#
wittmer.6,WITTMER,CURT#
woitovich.4,WOITOVICH,MALORIE#
wolkoff.5,WOLKOFF,GREGORY#
woodward.76,WOODWARD,DANIEL#
worthington.55,WORTHINGTON,BRANDON#
wright.876,WRIGHT,MEGAN#
wright.923,WRIGHT,SEAN#
wyatt.77,WYATT,JULIE#
wymer.10,WYMER,NORMAN#
yaros.4,YAROS,SARA#
yerramilli.4,YERRAMILLI,SUPRIYA#
yim.22,YIM,TSZFUNG#
yoder.177,YODER,MATTHEW#
young.1146,YOUNG,JEFFERY#
zahed.2,ZAHED,MOHAMMED#
zanders.9,ZANDERS,TANISHA#
zavodnik.1,ZAVODNIK,THERESA#
zeimer.1,ZEIMER,AMANDA#
zheng.57,ZHENG,LEI#
