Username,Last Name,First Name
adams.788,ADAMS,DELVON#
adams.794,ADAMS,STEPHEN#
aggarwal.26,AGGARWAL,JAY#
ajamie.2,AJAMIE,JENNIFER#
akins.20,AKINS,JEFFREY#
albee.5,ALBEE,MEGAN#
alex.16,ALEX,ELENA#
alexander.381,ALEXANDER,RAYMOND#
ali.133,ALI,AHMED#
alleman.9,ALLEMAN,CARTER#
allen.951,ALLEN,AMBER#
allen.907,ALLEN,SEAN#
alley.30,ALLEY,KRISTA#
allyn.7,ALLYN,CASSYNDRIA#
amann.11,AMANN,MICHAEL#
ambrose.31,AMBROSE,SARAH#
andrade.15,ANDRADE,MICHAEL#
armstrong.351,ARMSTRONG,TYLER#
arra.3,ARRA,ANDREW#
ashley.55,ASHLEY,LINDSAY#
atterholt.4,ATTERHOLT,NICHOLAS#
ayers.111,AYERS,CHRISTIAN#
azbill.1,AZBILL,EMILY#
badger.26,BADGER,GEOFFREY#
baker.1109,BAKER,JACOB#
baltes.12,BALTES,ANDREW#
barbone.2,BARBONE,NICHOLAS#
bardall.10,BARDALL,ERIN#
barnes.380,BARNES,JARED#
barnhouse.11,BARNHOUSE,MICHAEL#
bartels.29,BARTELS,RYAN#
beaty.20,BEATY,CODY#
beischel.1,BEISCHEL,ELIZABETH#
bengough.2,BENGOUGH,RUSSELL#
benkalowycz.1,BENKALOWYCZ,NICOLE#
benson.248,BENSON,GARRETT#
bermudez.14,BERMUDEZ,DIANA#
bianco.17,BIANCO,JOVANNA#
bidwell.22,BIDWELL,CHRISTOPHER#
birchard.2,BIRCHARD,JUSTIN#
blanton.54,BLANTON,DAVID#
bleiweiss.6,BLEIWEISS,ERICA#
blumensheid.4,BLUMENSHEID,KELLY#
boike.3,BOIKE,LAUREN#
boncela.3,BONCELA,MEGAN#
booher.36,BOOHER,ROBERT#
bowling.80,BOWLING,JAN#
boyle.175,BOYLE,PATRICK#
bradigan.5,BRADIGAN,ALLISON#
bramlish.3,BRAMLISH,MICHAEL#
branski.2,BRANSKI,JENNA#
bray.267,BRAY,CATHERINE#
bredshall.1,BREDSHALL,ELENA#
breeze.8,BREEZE,GREGORY#
britton.73,BRITTON,SARA#
brock.93,BROCK,LEIGH#
brown.2807,BROWN,HANNAH#
brown.2982,BROWN,JONTUNIKA#
bruce.100,BRUCE,TREY#
bryan.126,BRYAN,CALE#
buccilla.8,BUCCILLA,JESSICA#
buckley.115,BUCKLEY,RACHEL#
budge.2,BUDGE,SUSETTE#
buhrow.2,BUHROW,MELISSA#
bultema.2,BULTEMA,PATRICK#
burch.85,BURCH,JENNIFER#
burgdorf.7,BURGDORF,MATTHEW#
burggraf.13,BURGGRAF,MEGGAN#
burke.326,BURKE,DUSTIN#
burns.416,BURNS,CAROLINE#
burris.86,BURRIS,KELSEY#
burton.199,BURTON,PHOEBE#
butvin.2,BUTVIN,JOSEPH#
callahan.131,CALLAHAN,KEVIN#
cappuzzello.4,CAPPUZZELLO,HANNAH#
carl.33,CARL,CAITLIN#
carranza.7,CARRANZA,ELIZABETH#
carter.686,CARTER,DAVID#
cassidy.74,CASSIDY,JENNIFER#
catanzaro.9,CATANZARO,CATHERINE#
catron.16,CATRON,CIERRA#
caulkins.4,CAULKINS,STEPHANIE#
centeno.11,CENTENO,JOAN#
centofanti.7,CENTOFANTI,CARL#
chang.652,CHANG,MICHAEL#
chapman.349,CHAPMAN,KATHRYN#
chard.5,CHARD,BRYAN#
charna.3,CHARNA,JENNIFER#
chassen.1,CHASSEN,ALEXIS#
chessler.1,CHESSLER,JASON#
chesson.2,CHESSON,LISA#
clark.1104,CLARK,JUEVONNA#
cleary.49,CLEARY,LAUREN#
clemons.50,CLEMONS,DAVID#
cline.208,CLINE,ALLISON#
clingerman.8,CLINGERMAN,MATTHEW#
clowson.3,CLOWSON,MELISSA#
clyde.6,CLYDE,MICHAEL#
coe.50,COE,KRISTI#
coffing.6,COFFING,STEPHANIE#
colby.16,COLBY,HANNAH#
colvin.64,COLVIN,LAMARR#
comer.60,COMER,WESLEY#
conti.32,CONTI,JESSICA#
corbin.82,CORBIN,MEGAN#
corpman.1,CORPMAN,SHAUN#
cotton.1065,COTTON,CHAMILLE#
crabtree.104,CRABTREE,SARAH#
crace.8,CRACE,JEREMY#
cummings.155,CUMMINGS,SARAH#
cunningham.370,CUNNINGHAM,MICHAEL#
cushman.17,CUSHMAN,LANA#
daad.1,DAAD,BILE#
dahms.4,DAHMS,BRITTANY#
davis.2291,DAVIS,ALEX#
davis.2391,DAVIS,ERIN#
davis.1114,DAVIS,JOSEPH#
davis.2336,DAVIS,KYLIE#
deam.9,DEAM,JUSTIN#
deans.3,DEANS,CHARDE#
dedo.4,DEDO,SIKA#
delaforet.2,DELAFORET,DRU#
detemple.6,DETEMPLE,JOHN#
develbiss.4,DEVELBISS,JARON#
devine.52,DEVINE,PAUL#
dials.20,DIALS,ALISHA#
diamond.59,DIAMOND,JOSHUA#
dietrich.86,DIETRICH,GREGORY#
diggs.36,DIGGS,CHANNIN#
dillard.54,DILLARD,ALEXIA#
dillon.172,DILLON,BRIAN#
dilworth.7,DILWORTH,HEATHER#
diso.1,DISO,JEFFREY#
dixon.278,DIXON,LEAH#
donadio.2,DONADIO,NICHOLAS#
donaldson.96,DONALDSON,JOSHUA#
donohue.29,DONOHUE,JAMES#
donovan.103,DONOVAN,IAN#
doslak.1,DOSLAK,SARAH#
downey.84,DOWNEY,AMANDA#
downing.102,DOWNING,ASHLEY#
dress.6,DRESS,SAMANTHA#
dunlap.154,DUNLAP,BRIENNE#
dureska.2,DURESKA,RYAN#
duty.14,DUTY,ANTHONE#
dyer.114,DYER,ANDREW#
dyer.130,DYER,ANDREW#
dysard.2,DYSARD,KATHRYN#
edwards.610,EDWARDS,ESTEBAN#
elkins.36,ELKINS,ADAM#
ellis.345,ELLIS,EBONI#
engler.25,ENGLER,ERIC#
evans.944,EVANS,JENNIFER#
evans.889,EVANS,SEAN#
everhart.51,EVERHART,DAPHNE#
eyer.7,EYER,KAYLN#
farren.8,FARREN,BONNIE#
fecker.2,FECKER,JOHN#
fenstermaker.21,FENSTERMAKER,JOSHUA#
ferguson.354,FERGUSON,BRENT#
ferguson.352,FERGUSON,JAMES#
ficara.1,FICARA,JOHN#
field.37,FIELD,JAMES#
fighter.2,FIGHTER,ROBERT#
finan.13,FINAN,SEAN#
finn.111,FINN,KYLE#
fisher.610,FISHER,ISAAC#
flaten.2,FLATEN,JESSICA#
fornwalt.2,FORNWALT,CHRISTINA#
forster.45,FORSTER,DANIELLE#
forsythe.42,FORSYTHE,SHAWN#
freeman.282,FREEMAN,AARON#
freud.2,FREUD,BETHANY#
friess.9,FRIESS,KATHERINE#
frobose.7,FROBOSE,LAUREN#
fry.164,FRY,SCOTT#
fugate.22,FUGATE,AMANDA#
futrell.9,FUTRELL,BRITTANY#
gale.59,GALE,MICHELLE#
gardner.770,GARDNER,ALLYSON#
gardner.746,GARDNER,WHITNEY#
gasiorski.2,GASIORSKI,LUKE#
gatti.9,GATTI,NICHOLAS#
gehalo.1,GEHALO,THOMAS#
geib.12,GEIB,AARON#
geiyer.1,GEIYER,MATTHEW#
george.301,GEORGE,MATTHEW#
gibbs.149,GIBBS,JUSTIN#
giesige.18,GIESIGE,CASSANDRA#
gilbert.258,GILBERT,ANDREW#
gillespie.98,GILLESPIE,ROBERT#
girma.5,GIRMA,HENOK#
glenn.133,GLENN,JESSICA#
gomez.53,GOMEZ,ANASTASIA#
gomez.57,GOMEZ,CHRIST#
gorka.8,GORKA,DIANE#
goslin.2,GOSLIN,LISA#
gozzard.1,GOZZARD,CARA#
grant.264,GRANT,LARRY#
grenert.4,GRENERT,DAVID#
grothaus.9,GROTHAUS,ANNA#
gruver.7,GRUVER,RYAN#
guccion.1,GUCCION,MEGAN#
hairston.100,HAIRSTON,NICHOLLE#
ham.37,HAM,ERIC#
haman.12,HAMAN,KATIE#
hamler.13,HAMLER,ASHLEY#
hammond.237,HAMMOND,LAUREN#
hampel.6,HAMPEL,KATHERINE#
han.205,HAN,YURI#
hange.5,HANGE,ANDREW#
hannon.27,HANNON,KRISTEN#
harp.28,HARP,JARED#
harper.646,HARPER,JENNIFER#
harrington.135,HARRINGTON,CRAIG#
harris.1052,HARRIS,GREG#
hartsoe.2,HARTSOE,YOLANDA#
haver.23,HAVER,ANNA#
havey.4,HAVEY,CHRISTOPHER#
hawk.112,HAWK,CHRISTI#
hawkins.292,HAWKINS,ANDREW#
haws.42,HAWS,MATTHEW#
hayes.361,HAYES,JAYSON#
hedlund.5,HEDLUND,LINNEA#
hennes.2,HENNES,LATEIA#
henry.340,HENRY,JACQUELIN#
henry.343,HENRY,JANIE#
herbert.1856,HERBERT,WILLIAM#
herendeen.3,HERENDEEN,SAMUEL#
hermann.33,HERMANN,ALEXANDRA#
herrmann.51,HERRMANN,GREGORY#
hetzler.6,HETZLER,KELLY#
hewitt.44,HEWITT,RANDOLPH#
hill.802,HILL,JENNIFER#
hill.844,HILL,KATHLEEN#
hill.826,HILL,MICHELLE#
hirawat.1,HIRAWAT,ASHWIN#
ho.214,HO,ANASTACIA#
hodgson.21,HODGSON,AMY#
hoffman.510,HOFFMAN,ALLISON#
holdcraft.2,HOLDCRAFT,DAVID#
hollis.56,HOLLIS,ROBERT#
holloway.88,HOLLOWAY,ERIN#
horn.150,HORN,SARAH#
hornsby.8,HORNSBY,STEPHANIE#
howard.556,HOWARD,MEGAN#
hren.7,HREN,ALLISON#
hubbell.32,HUBBELL,DILLON#
hudnell.10,HUDNELL,JEROME#
hughes.1004,HUGHES,KELLIE#
hull.61,HULL,SEAN#
hurt.40,HURT,MATTHEW#
huss.26,HUSS,LAURA#
insabella.1,INSABELLA,CHRISTINE#
ivory.19,IVORY,CHRISTOPHER#
janecko.1,JANECKO,ALLISON#
janoski.6,JANOSKI,JORDAN#
jelarcic.2,JELARCIC,MICHAEL#
jenkins.451,JENKINS,CLAYTON#
jett.16,JETT,ASHLEY#
jett.17,JETT,RYAN#
jinks.6,JINKS,AMY#
johnson.2938,JOHNSON,ANDREW#
johnston.360,JOHNSTON,PELHAM#
jones.2300,JONES,AIMEE#
jones.2331,JONES,DONALD#
jones.2533,JONES,JESSICA#
jones.2167,JONES,JILLIAN#
jones.2582,JONES,KELLY#
jones.2652,JONES,KRISTIN#
jones.2498,JONES,MATTHEW#
joo.42,JOO,CHRISTOPHER#
jorgenson.7,JORGENSON,BRADLEY#
joynt.5,JOYNT,EMILY#
julian.45,JULIAN,JONATHAN#
kaba.7,KABA,LEAH#
kalbfleisch.5,KALBFLEISCH,OWEN#
kallas.8,KALLAS,HRISTO#
kayali.1,KAYALI,RAKAAN#
keith.101,KEITH,KYLE#
kerr.149,KERR,ADAM#
kerr.146,KERR,AMY#
kerr.128,KERR,LINDSAY#
kidd.85,KIDD,MATTHEW#
kikta.3,KIKTA,KIMBERLY#
kilbane.20,KILBANE,KEVIN#
kilcoyne.4,KILCOYNE,CORA#
kim.2180,KIM,SANG-WOO#
king.1002,KING,REBECCA#
kinley.7,KINLEY,DOREEN#
kitwana.1,KITWANA,IFETAYO#
klimas.7,KLIMAS,CHRISTOPHER#
kline.173,KLINE,TRENT#
klipstine.1,KLIPSTINE,STEPHEN#
knopp.19,KNOPP,JESSICA#
koehler.105,KOEHLER,KATIE#
kolsky.1,KOLSKY,ERIN#
koropatkin.1,KOROPATKIN,COLBY#
kosik.4,KOSIK,JEFFREY#
kovach.62,KOVACH,CHRISTOPHER#
kubus.2,KUBUS,ROBERT#
kuhlman.76,KUHLMAN,LINDSEY#
kurowicki.1,KUROWICKI,CHRISTINA#
kursmark.1,KURSMARK,MATTHEW#
kushner.27,KUSHNER,BEATA#
kuzmicki.1,KUZMICKI,RACHAEL#
kwast.1,KWAST,MEGHAN#
labarre.3,LABARRE,JESSICA#
laduke.1,LADUKE,DANIELLE#
lakes.6,LAKES,MATTHEW#
lamphear.2,LAMPHEAR,JAIME#
landrum.22,LANDRUM,KASANDRA#
landwermeyer.1,LANDWERMEYER,THOMAS#
langenbach.2,LANGENBACH,ERIC#
langhurst.3,LANGHURST,VANESSA#
lansford.1,LANSFORD,JORDAN#
lawn.4,LAWN,SARAH#
lawrence.281,LAWRENCE,SARAH#
lay.48,LAY,CHELSEA#
laymon.13,LAYMON,DAWNELL#
leahy.43,LEAHY,MATTHEW#
leanza.3,LEANZA,ANNEMARIE#
leavell.9,LEAVELL,KRISTEN#
lee.2847,LEE,BRITTANY#
lemperle.1,LEMPERLE,JILLIAN#
lenard.2,LENARD,AARON#
lewis.1067,LEWIS,JAMES#
lewis.1069,LEWIS,JAZMINE#
lickert.1,LICKERT,MATTHEW#
little.250,LITTLE,ANDREW#
little.200,LITTLE,AUSTIN#
lockett.18,LOCKETT,LINDSAY#
loewen.1,LOEWEN,JORDAN#
long.628,LONG,MATTHEW#
longfellow.4,LONGFELLOW,CORY#
loose.5,LOOSE,CRAIG#
louer.2,LOUER,NANCY#
loughman.20,LOUGHMAN,SEAN#
lovett.29,LOVETT,KEITH#
lozier.11,LOZIER,KELLI#
lubell.4,LUBELL,STEPHANIE#
lucivjansky.1,LUCIVJANSKY,DONNA#
madsen.22,MADSEN,NOAH#
maher.72,MAHER,KATLIN#
maldonado.23,MALDONADO,JASON#
malone.165,MALONE,CHARLES#
maloney.72,MALONEY,ANDREW#
manoogian.2,MANOOGIAN,ANGELA#
mantell.6,MANTELL,ALLISON#
marefka.1,MAREFKA,BRITTNEY#
margolis.18,MARGOLIS,MATTHEW#
marrinan.5,MARRINAN,ELAINE#
martin.1568,MARTIN,KAYLA#
marx.32,MARX,JEREMY#
mattimoe.2,MATTIMOE,MICHAEL#
may.252,MAY,JENNIFER#
mayhew.35,MAYHEW,BRITTANY#
maynard.121,MAYNARD,KRISTIN#
mays.95,MAYS,MATTHEW#
mcconnell.131,MCCONNELL,RACHEL#
mccreary.58,MCCREARY,AMANDA#
mcelroy.78,MCELROY,STEPHANIE#
mcgill.140,MCGILL,DANIEL#
mcgovern.58,MCGOVERN,KATHERINE#
mclellan.12,MCLELLAN,WHITNEY#
mcmahon.128,MCMAHON,BRITTNEY#
mcmillin.18,MCMILLIN,PAUL#
mcquiniff.6,MCQUINIFF,KELLY#
meadows.122,MEADOWS,JARED#
mealer.3,MEALER,JESSICA#
meginness.5,MEGINNESS,KEVIN#
mentis.1,MENTIS,LAURA#
merchant.44,MERCHANT,OWEN#
metzker.57,METZKER,NORA#
meyer.622,MEYER,ELIZABETH#
meyer.580,MEYER,MIKE#
meyer.562,MEYER,TERESA#
meyer.590,MEYER,THOMAS#
milgrom.2,MILGROM,ARIEL#
miller.3790,MILLER,DAVID#
miller.3974,MILLER,JUSTIN#
miller.4126,MILLER,KARLY#
miller.3636,MILLER,KYLE#
miller.4071,MILLER,MEGAN#
mohamed.59,MOHAMED,MUSTAFA#
mohamed.44,MOHAMED,RASHID#
moody.113,MOODY,ELIZABETH#
moore.1607,MOORE,CARLEIGH#
moreland.50,MORELAND,TAMMARA#
mossbarger.6,MOSSBARGER,CHRISTOPHER#
mueller.193,MUELLER,ROBERT#
murphy.662,MURPHY,DANIEL#
murray.402,MURRAY,CHRISTINA#
needham.29,NEEDHAM,SHANE#
nelsen.10,NELSEN,BETHANY#
nicholson.125,NICHOLSON,STEPHANIE#
nicol.85,NICOL,CORY#
nofziger.7,NOFZIGER,CASEY#
norris.414,NORRIS,DEVON#
norton.104,NORTON,CHAD#
noss.9,NOSS,KARLA#
nyarkoh.1,NYARKOH,DORCAS#
nye.54,NYE,STEPHANIE#
oconnor.170,OCONNOR,KAITLYN#
odonnell.120,ODONNELL,MAGGIE#
oglethorpe.1,OGLETHORPE,DAVID#
oliver.199,OLIVER,ASHLEY#
olson.158,OLSON,MICHAEL#
omara.8,OMARA,MICHELLE#
osgood.7,OSGOOD,KELLY#
ostenkamp.2,OSTENKAMP,HEATHER#
owens.831,OWENS,JESSA#
parr.36,PARR,TIFFANY#
parsons.222,PARSONS,SCOTT#
parthemer.2,PARTHEMER,CAITLIN#
paschal.8,PASCHAL,JUSTIN#
patel.860,PATEL,AKSHAR#
patterson.458,PATTERSON,CODY#
pedersen.29,PEDERSEN,TIMOTHY#
pedraza.6,PEDRAZA,SARA#
pellegrini.17,PELLEGRINI,THOMAS#
perez.146,PEREZ,LILIAN#
perhay.1,PERHAY,ANDREW#
perkins.241,PERKINS,MELISSA#
petit.15,PETIT,RANDY#
pettiford.8,PETTIFORD,ABIGAIL#
phillips.755,PHILLIPS,ROSALIND#
phillips.745,PHILLIPS,STEPHEN#
phipps.96,PHIPPS,ERIN#
piper.52,PIPER,LAURA#
poeppelman.36,POEPPELMAN,KATIE#
polomsky.7,POLOMSKY,TIMOTHY#
preece.11,PREECE,BRIAN#
price.552,PRICE,LAUREN#
pridemore.10,PRIDEMORE,REGINA#
proulx.2,PROULX,ERIN#
qorri.2,QORRI,OLTA#
raglin.7,RAGLIN,WHITNEY#
rampe.11,RAMPE,ANDREW#
raudabaugh.4,RAUDABAUGH,BRIAN#
reeves.139,REEVES,MARISSA#
reichard.24,REICHARD,KARI#
reichheld.3,REICHHELD,CHARLES#
reinoso.1,REINOSO,NELSON#
renz.16,RENZ,SARAH#
rettig.46,RETTIG,ERIN#
rettig.45,RETTIG,RYAN#
reynolds.397,REYNOLDS,LANCE#
rhoades.94,RHOADES,ADAM#
rhodes.166,RHODES,KRISTEN#
rhodes.163,RHODES,TOSHA#
rice.399,RICE,EMILY#
richardson.382,RICHARDSON,KAPRI#
riegel.29,RIEGEL,NICHOLAS#
rindfleisch.10,RINDFLEISCH,DANIEL#
rine.34,RINE,DAVID#
rizzo.216,RIZZO,LAURA#
roberts.512,ROBERTS,DOUGLAS#
roberts.749,ROBERTS,JESSICA#
roberts.816,ROBERTS,LAUREN#
robinette.26,ROBINETTE,IAN#
robinson.763,ROBINSON,PAUL#
rollenhagen.1,ROLLENHAGEN,PETER#
romeyn.1,ROMEYN,CARRIE#
rosengarten.9,ROSENGARTEN,JESSICA#
rosner.17,ROSNER,MICHAEL#
rostorfer.10,ROSTORFER,CRISTIAN#
rotan.2,ROTAN,NATE#
rucker.82,RUCKER,REGINALD#
ruffin.28,RUFFIN,SHONETTA#
ruffing.23,RUFFING,DAVID#
rush.130,RUSH,KATHRYN#
russell.506,RUSSELL,LEANN#
russo.82,RUSSO,CHRISTOPHER#
ruth.48,RUTH,BRYAN#
rutschilling.9,RUTSCHILLING,DANIELLE#
sabbato.2,SABBATO,HILLARY#
salisbury.28,SALISBURY,COLIN#
sampson.57,SAMPSON,EBONY#
sauls.7,SAULS,CHAD#
saunders.213,SAUNDERS,AMANDA#
scheetz.31,SCHEETZ,ANDREW#
schirtzinger.29,SCHIRTZINGER,MARK#
schmidt.423,SCHMIDT,AMANDA#
schoenhoft.3,SCHOENHOFT,ROBERT#
schoonover.32,SCHOONOVER,ZACKERY#
schumann.32,SCHUMANN,SAMANTHA#
scorzino.1,SCORZINO,JESSICA#
scott.955,SCOTT,JULIANNA#
scurria.2,SCURRIA,ALLISON#
selhorst.27,SELHORST,MAEGAN#
selm.3,SELM,JAMES#
sexton.99,SEXTON,SEAN#
shader.3,SHADER,LAURA#
shah.397,SHAH,NIRAJ#
shank.55,SHANK,ANDREW#
shaw.396,SHAW,EMILY#
shim.57,SHIM,JUNGEUN#
shimp.21,SHIMP,AMANDA#
shindledecker.2,SHINDLEDECKER,KYLE#
shinnock.2,SHINNOCK,SEAN#
shull.41,SHULL,JOSHUA#
shurtz.5,SHURTZ,STEPHEN#
shuster.35,SHUSTER,JONATHAN#
siebenaller.1,SIEBENALLER,AARON#
singh.255,SINGH,SARABJIT#
skebo.6,SKEBO,JEANNE#
smigelsky.1,SMIGELSKY,AMANDA#
smith.5454,SMITH,BROOKE#
smith.5368,SMITH,CHELSEA#
smith.5214,SMITH,JESSICA#
smith.5707,SMITH,JONATHAN#
smith.4957,SMITH,LAURA#
smith.5295,SMITH,MICHAEL#
smith.5418,SMITH,REBECCA#
smyer.2,SMYER,CRAIG#
snedden.27,SNEDDEN,NICOLE#
snodgrass.339,SNODGRASS,JOSHUA#
snyder.793,SNYDER,AMBER#
snyder.706,SNYDER,JULIE#
snyder.724,SNYDER,KRISTIN#
sommer.60,SOMMER,KARLEYA#
sow.15,SOW,ABDOULAYE#
spangler.82,SPANGLER,TRENT#
speakman.32,SPEAKMAN,BRANDON#
spellacy.4,SPELLACY,ELIZABETH#
spencer.302,SPENCER,CHRISTINA#
spencer.312,SPENCER,MOLLY#
spitzer.15,SPITZER,SEAN#
stange.5,STANGE,EDWARD#
stansbery.19,STANSBERY,ABBY#
star.5,STAR,MATTHEW#
stechschulte.50,STECHSCHULTE,ALEX#
steffen.18,STEFFEN,KIMBERLY#
stein.173,STEIN,ANNE#
stein.186,STEIN,TROY#
steinhausser.3,STEINHAUSSER,BRIAN#
stewart.687,STEWART,JENNIFER#
stichter.6,STICHTER,RACHEL#
stock.57,STOCK,RALPH#
stratmoen.2,STRATMOEN,SEAN#
strong.102,STRONG,BILLY#
surine.2,SURINE,AMANDA#
swain.56,SWAIN,TATIANA#
swartz.149,SWARTZ,ELIZABETH#
szczepaniak.1,SZCZEPANIAK,MICHAEL#
tabor.33,TABOR,KEVIN#
takacs.29,TAKACS,HEATHER#
tamotia.2,TAMOTIA,NAYANTARA#
tanner.108,TANNER,JEANETTE#
taylor.1363,TAYLOR,ADRIANA#
taylor.1360,TAYLOR,ASHLEY#
tharp.62,THARP,ASHTON#
thompson.1588,THOMPSON,CHELSEY#
thorley.4,THORLEY,KATHLEEN#
thornwell.3,THORNWELL,JASON#
tolos.1,TOLOS,EMILY#
tompkins.50,TOMPKINS,GLENN#
tomsic.11,TOMSIC,MARTIN#
toran.7,TORAN,VINCENT#
toth.156,TOTH,KATIE#
tracy.84,TRACY,DANIELLE#
tracy.90,TRACY,LAUREN#
trinh.28,TRINH,NGAN#
troyer.65,TROYER,NOAH#
tschappat.2,TSCHAPPAT,NATASHA-DAO#
turkelson.4,TURKELSON,JEFFREY#
turner.644,TURNER,CHARISSA#
tustian.2,TUSTIAN,PAMELA#
upshaw.13,UPSHAW,MARCELLUS#
vaas.7,VAAS,NATALIE#
valentine.118,VALENTINE,CARLESHA#
vandruten.2,VANDRUTEN,KRISTA#
vogel.129,VOGEL,WILLIAM#
von-lohr.1,VONLOHR,ANDREW#
vredevoogd.1,VREDEVOOGD,ERIN#
wade.237,WADE,ERIKA#
walsh.254,WALSH,JULIE#
walsh.241,WALSH,PATRICK#
walther.236,WALTHER,WHITNEY#
walton.280,WALTON,AMY#
watkins.143,WATKINS,BRENT#
watkins.263,WATKINS,CHRISTOPHER#
watts.136,WATTS,GAVIN#
weagraff.2,WEAGRAFF,JOSEPH#
webb.344,WEBB,PHILIP#
webb.342,WEBB,ROBERT#
webb.332,WEBB,THOMAS#
weber.457,WEBER,JACOB#
weekley.31,WEEKLEY,DANIELLE#
weisberg.22,WEISBERG,HANNAH#
wells.283,WELLS,ROBERT#
wendell.16,WENDELL,MARK#
wenning.32,WENNING,JASON#
westendorf.15,WESTENDORF,MIKE#
white.1190,WHITE,ANDREW#
white.1206,WHITE,PETER#
whorton.3,WHORTON,VALERIE#
wieland.20,WIELAND,SARAH#
williams.2669,WILLIAMS,JULIE#
winship.5,WINSHIP,ROBERT#
winsted.2,WINSTED,KATHRYN#
winters.101,WINTERS,MARK#
wiseman.75,WISEMAN,SARA#
wolery.6,WOLERY,EMILY#
wolterman.7,WOLTERMAN,NICHOLAS#
woodburn.13,WOODBURN,TRACY#
woods.386,WOODS,JENNIFER#
wynn.56,WYNN,TREVA#
yark.3,YARK,JOHN#
yee.81,YEE,WEI#
yetsko.1,YETSKO,LAURA#
yost.83,YOST,BEN#
zerby.11,ZERBY,MELINDA#
zetlaw.1,ZETLAW,KATIE#
zhang.546,ZHANG,QIANNAN#
ziadeh.4,ZIADEH,ADAM#
